"Status","Start Time","Stop Time","Duration in ms","Parent Suite","Suite","Sub Suite","Test Class","Test Method","Name","Description"
"passed","Sun Feb 22 07:27:58 UTC 2026","Sun Feb 22 07:27:59 UTC 2026","1079","BSMP Intelligent Testing Suite","BSMP UI Tests","tests.ui.BSMPSmokeTests","tests.ui.BSMPSmokeTests","verifyPredictionGenerated_MultipleCases","verifyPredictionGenerated_MultipleCases","Runs multiple prediction cases with different inputs and validates output"
"passed","Sun Feb 22 07:28:11 UTC 2026","Sun Feb 22 07:28:11 UTC 2026","1","","","","","","🚦 Release Decision",""
"passed","Sun Feb 22 07:27:51 UTC 2026","Sun Feb 22 07:27:54 UTC 2026","2679","BSMP Intelligent Testing Suite","BSMP UI Tests","tests.ui.BSMPSmokeTests","tests.ui.BSMPSmokeTests","verifyPredictionGenerated_MultipleCases","verifyPredictionGenerated_MultipleCases","Runs multiple prediction cases with different inputs and validates output"
"passed","Sun Feb 22 07:27:50 UTC 2026","Sun Feb 22 07:27:50 UTC 2026","149","BSMP Intelligent Testing Suite","BSMP UI Tests","tests.ui.BSMPSmokeTests","tests.ui.BSMPSmokeTests","verifyHomePageLoads","verifyHomePageLoads",""
"passed","Sun Feb 22 07:27:54 UTC 2026","Sun Feb 22 07:27:55 UTC 2026","1117","BSMP Intelligent Testing Suite","BSMP UI Tests","tests.ui.BSMPSmokeTests","tests.ui.BSMPSmokeTests","verifyPredictionGenerated_MultipleCases","verifyPredictionGenerated_MultipleCases","Runs multiple prediction cases with different inputs and validates output"
"passed","Sun Feb 22 07:28:03 UTC 2026","Sun Feb 22 07:28:05 UTC 2026","1610","BSMP Intelligent Testing Suite","BSMP UI Tests","tests.ui.BSMPSmokeTests","tests.ui.BSMPSmokeTests","verifyPredictionGenerated_MultipleCases","verifyPredictionGenerated_MultipleCases","Runs multiple prediction cases with different inputs and validates output"
"passed","Sun Feb 22 07:28:01 UTC 2026","Sun Feb 22 07:28:03 UTC 2026","1566","BSMP Intelligent Testing Suite","BSMP UI Tests","tests.ui.BSMPSmokeTests","tests.ui.BSMPSmokeTests","verifyPredictionGenerated_MultipleCases","verifyPredictionGenerated_MultipleCases","Runs multiple prediction cases with different inputs and validates output"
"passed","Sun Feb 22 07:27:59 UTC 2026","Sun Feb 22 07:28:01 UTC 2026","1606","BSMP Intelligent Testing Suite","BSMP UI Tests","tests.ui.BSMPSmokeTests","tests.ui.BSMPSmokeTests","verifyPredictionGenerated_MultipleCases","verifyPredictionGenerated_MultipleCases","Runs multiple prediction cases with different inputs and validates output"
"passed","Sun Feb 22 07:27:56 UTC 2026","Sun Feb 22 07:27:57 UTC 2026","1686","BSMP Intelligent Testing Suite","BSMP UI Tests","tests.ui.BSMPSmokeTests","tests.ui.BSMPSmokeTests","verifyPredictionGenerated_MultipleCases","verifyPredictionGenerated_MultipleCases","Runs multiple prediction cases with different inputs and validates output"
"passed","Sun Feb 22 07:28:07 UTC 2026","Sun Feb 22 07:28:09 UTC 2026","1578","BSMP Intelligent Testing Suite","BSMP UI Tests","tests.ui.BSMPSmokeTests","tests.ui.BSMPSmokeTests","verifyPredictionGenerated_MultipleCases","verifyPredictionGenerated_MultipleCases","Runs multiple prediction cases with different inputs and validates output"
"passed","Sun Feb 22 07:28:05 UTC 2026","Sun Feb 22 07:28:07 UTC 2026","1615","BSMP Intelligent Testing Suite","BSMP UI Tests","tests.ui.BSMPSmokeTests","tests.ui.BSMPSmokeTests","verifyPredictionGenerated_MultipleCases","verifyPredictionGenerated_MultipleCases","Runs multiple prediction cases with different inputs and validates output"
"passed","Sun Feb 22 07:28:09 UTC 2026","Sun Feb 22 07:28:11 UTC 2026","1594","BSMP Intelligent Testing Suite","BSMP UI Tests","tests.ui.BSMPSmokeTests","tests.ui.BSMPSmokeTests","verifyPredictionGenerated_MultipleCases","verifyPredictionGenerated_MultipleCases","Runs multiple prediction cases with different inputs and validates output"
